"Change Tracking Register — Sales & Marketing",,,,,,,,,,,,,,,,,,,,,,,,,,,,,,,
"CR ID","Date Submitted","Title / Summary","Change Requestor","Dept / Team",Description,"Change Category","Risk Category","Change Priority","Change Building Steps","Planned Start Date","Planned End Date","Vendor Support Required","System Outage Required","Systems Affected","Change Testing","Change rollback","CAB Approver","CAB Team Comments / Risk Assessed","CAB Date","Approval Status","Marketing Lead Approval","IS Officer Approval","Tester / QA","Target Implementation Date","Actual Deployment Date","Test Plan","Test Result","Current Status",Outcome,"Evidence Link(s)",Notes
"CR 00001",13-07-26,"Mendix Partnership Removal",Punna,Executive,"Need to remove mendix logo and related pages, blogs, and case studies from the website and make 301 redirection to home page.",Major,High,Urgent,Custom,14-07-26,15-07-26,Yes,No,"Corporate Website, DNS Router","Manual QA, Regression","Revert to previous git commit, restore DB","Mike T.","Approved with minimal risk. No downtime expected.",13-07-26,Approved,"Sarah L.","John D.","QA Team Alpha",16-07-26,16-07-26,"Verify 301 redirects, run link checker","Passed 100%",Closed,Success,jira.link/CR-123,"Completed seamlessly outside business hours."
"CR 00002",03-07-26,"MSP - Home Page Revamp",Sarah,Marketing,"MSP marketing plan has been initiated for Pega Managed Services. Complete redesign of hero section and value props.",Major,Critical,High,Standard,05-07-26,10-07-26,No,Yes,"Website Home, CMS Database","A/B Testing, Load Testing","Feature toggle rollback via LaunchDarkly",Punna,"Monitor bounce rate closely post-launch. Approved.",04-07-26,Approved,"Sarah L.","John D.","Marketing QA",11-07-26,12-07-26,"Check load speeds on mobile and desktop","Passed with minor layout fixes",Closed,"Partial Success",jira.link/CR-124,"Metrics improved but mobile layout needs patch."
"CR 00003",2026-07-01,"MSP - Blog Template Revamp",Punna,Marketing,"Blog revamp requested based on new branding guidelines. Typography updates and new author bios.",Minor,Low,Medium,Standard,,,No,No,"CMS Templates","Visual QA, Cross-browser Testing","Restore CMS backup from nightly snapshot","Mike T.","Low risk, proceed during business hours.",,Approved,Pending,Pending,TBD,,,"Check mobile responsiveness across 5 device profiles","Awaiting Execution","Awaiting CAB",Withdrawn,jira.link/CR-125,"Waiting on final brand assets from design team."
"CR 00004",28-07-26,"VM - Home Page Revamp",,,,Minor,Medium,Low,Standard,31-07-26,,No,Yes,"Website Home, CMS Database",,,,,,Approved,,,,,,,,Submitted,,,
"CR 00005",30-07-26,"test task ",Punna,Sales,,,,,,,,No,No,,,,,,,Pending,,,,,,,,Submitted,,,
"CR 00006",30-07-26,task6,,,,,,,,,,No,No,,,,,,,,,,,,,,,Submitted,,,
"CR 00002",03-07-26,"MSP - Home Page Revamp",Sarah,Marketing,"MSP marketing plan has been initiated for Pega Managed Services. Complete redesign of hero section and value props.",Major,Critical,High,Standard,05-07-26,10-07-26,No,Yes,"Website Home, CMS Database","A/B Testing, Load Testing","Feature toggle rollback via LaunchDarkly",Punna,"Monitor bounce rate closely post-launch. Approved.",04-07-26,Approved,"Sarah L.","John D.","Marketing QA",11-07-26,12-07-26,"Check load speeds on mobile and desktop","Passed with minor layout fixes",Closed,"Partial Success",jira.link/CR-124,"Metrics improved but mobile layout needs patch."
"CR 00003",2026-07-01,"MSP - Blog Template Revamp",Punna,Marketing,"Blog revamp requested based on new branding guidelines. Typography updates and new author bios.",Minor,Low,Medium,Standard,,,No,No,"CMS Templates","Visual QA, Cross-browser Testing","Restore CMS backup from nightly snapshot","Mike T.","Low risk, proceed during business hours.",,Approved,Pending,Pending,TBD,,,"Check mobile responsiveness across 5 device profiles","Awaiting Execution","Awaiting CAB",Withdrawn,jira.link/CR-125,"Waiting on final brand assets from design team."
"CR 00007",2026-07-30,aa,,,,,,,,,,No,No,,,,,,,,,,,,,,,"Risk Assessment",Failed,,
